_id,name
5ec29caf3571dcfc3c73fa62,Venue 1
615326d2b8e122b9c283dc04,Venue 2
61641bd21fc685c0a941938c,Venue 3
6176740f508688361e5298bd,Venue 4
61d838d2c298dc2d1e7e236e,Venue 5
61dd99b6b57653b40339100d,Venue 6
61dd9a30b57653b403391070,Venue 7
61dd9a35b57653b403391075,Venue 8
61dd9a41b57653b40339107f,Venue 9
61dd9a56b57653b403391093,Venue 10
61dd9a72b57653b4033910ab,Venue 11
6253f298ab1d34e0e02c28ce,Venue 12
632ade842e864f171a59b886,Venue 13
63ef4e4f82383ddb2eed82d8,Venue 14
646b47f954e5962a798d349b,Venue 15
65f17e154d24b502f021a26a,Venue 16
66d1ce0ef1ddbb44865d7e73,Venue 17
67869bcecbcd9c524b1903f5,Venue 18
681496372ca0de9629512e17,Venue 19
68937430457789b1f6fa782e,Venue 20
68ff39cf1a5bf85fd2212643,Venue 21
